ID,Location,Price,Beds,Baths,House Size,Land Size,New,Garden,Security,AC,Near Service,Stories,Parking,Luxury,Pantry,Hot Water,Roller Gate,CCTV,Tiled,Designed,TV Lobby
2,17,19000000,4,3,2850,7.5,1,0,0,1,0,3,1,1,1,1,1,0,1,0,1
4,7,29500000,5,4,3500,8,1,0,1,0,1,3,1,1,1,0,0,0,0,0,0
5,17,18000000,4,4,4500,10,1,1,0,0,1,3,1,1,1,0,0,0,0,0,1
6,22,16500000,4,3,2400,6.7,1,0,1,0,1,1,1,0,1,0,0,0,0,0,0
7,33,4500000,2,1,1000,3,0,0,0,0,0,1,0,0,1,0,0,0,1,0,0
9,22,20500000,4,5,3500,9,1,0,0,0,0,3,1,1,1,0,1,0,1,1,0
10,17,22000000,4,3,2850,7,1,0,1,0,1,2,1,1,1,1,0,0,1,0,0
12,8,13000000,3,2,1800,10,1,0,1,0,1,1,1,0,1,0,0,0,1,0,0
13,30,57000000,4,4,3500,10.5,1,0,0,1,1,2,1,1,1,0,0,0,0,0,0
14,17,26000000,5,4,3000,8.5,1,0,1,1,1,1,1,1,1,1,1,1,0,0,1
15,1,26000000,4,4,3680,10,1,0,0,0,1,1,1,1,1,0,0,0,0,0,1
16,17,21500000,4,4,2680,7,1,1,1,0,0,2,1,1,1,1,1,1,0,0,1
17,2,13500000,4,2,2000,8.2,0,0,0,0,0,2,1,0,1,0,0,0,0,0,0
18,11,21500000,4,3,2500,6,1,0,0,0,0,1,0,0,1,0,0,0,0,1,0
20,22,8500000,4,2,2500,10,0,0,0,0,0,1,1,1,1,1,0,0,0,0,0
21,25,12900000,3,2,1650,10,0,0,0,0,0,2,1,0,1,0,0,0,0,0,0
24,22,24000000,5,4,3400,11.5,0,0,0,0,0,2,1,1,1,0,0,0,0,0,0
25,9,24000000,4,3,2200,19,0,1,0,0,1,1,1,0,1,0,0,0,1,0,0
27,1,6500000,2,2,1000,5.6,0,1,0,0,1,1,1,0,1,0,0,0,1,0,0
28,1,21500000,4,2,2170,10.6,0,0,0,1,0,1,1,1,1,0,0,0,1,0,1
30,30,57000000,4,3,3500,10.4,0,0,0,0,0,3,1,0,1,0,0,0,0,1,0
31,31,37500000,5,3,37000,12,0,0,0,0,0,3,1,0,1,0,0,0,0,0,0
34,7,55000000,7,5,4000,18.5,1,0,0,0,0,1,1,0,1,0,0,0,0,0,0
35,22,13000000,3,2,1450,9.85,1,0,0,0,1,1,1,0,1,0,0,0,0,0,0
36,25,29800000,4,3,2600,8,0,0,1,1,1,1,1,1,1,1,1,1,0,0,0
37,25,21000000,5,2,3000,12,1,0,0,0,0,1,1,0,1,0,0,0,0,0,0
38,9,10900000,3,3,1450,10.5,1,1,1,1,1,1,1,1,1,1,1,1,1,0,0
39,28,29000000,3,2,5000,15,0,0,0,0,1,2,1,0,1,0,0,0,0,1,0
40,11,34000000,4,4,3300,8,1,1,0,0,0,1,1,1,1,0,0,0,0,0,0
43,7,32000000,3,2,2205,7.5,1,1,0,0,0,2,1,0,1,0,1,0,1,0,0
44,9,13500000,3,3,1650,10,1,1,0,0,0,1,1,0,1,0,0,0,0,0,0
46,18,22800000,4,4,1885,5.5,0,0,0,1,0,2,0,1,1,1,1,0,1,0,1
48,17,18750000,3,2,2600,6.5,1,0,0,0,0,2,0,1,1,0,0,0,0,0,0
49,9,11000000,3,2,990,6,1,0,1,0,0,1,1,0,1,0,0,0,0,0,0
50,7,31000000,4,3,2500,6.5,1,0,0,0,0,1,0,0,1,0,0,0,0,0,0
51,31,32000000,4,2,3000,9.7,0,0,0,0,1,3,1,1,1,0,0,0,0,0,0
52,10,12000000,2,2,1600,5,1,0,0,0,0,1,0,0,0,0,0,0,1,0,0
53,28,26000000,4,4,3600,10,0,1,1,1,1,1,1,1,1,1,0,1,1,0,0
54,16,27000000,4,2,2500,8.35,0,0,0,0,1,2,1,0,1,0,1,0,0,0,0
55,18,18000000,3,3,1800,10.5,1,0,0,0,0,1,1,0,1,0,0,0,0,0,0
56,6,5500000,5,2,1500,15,0,0,0,0,0,1,1,0,1,0,0,0,0,0,0
57,28,23700000,4,3,3140,10,1,0,0,0,0,1,1,0,1,0,0,0,0,0,0
58,8,5900000,3,2,2400,10,0,0,0,0,1,1,1,0,1,0,0,0,1,0,0
59,2,24000000,4,3,2100,8.3,0,0,0,0,1,2,1,1,1,1,0,0,0,0,0
60,25,11000000,3,2,1500,11,1,0,0,0,0,1,1,0,1,0,0,0,0,0,0
62,25,3950000,3,1,1150,9.6,0,0,0,0,1,1,1,0,1,0,0,0,0,0,0
63,22,13500000,3,2,2100,13.5,0,0,0,0,0,2,1,0,1,0,0,0,0,0,0
65,9,16000000,4,3,2200,7,1,0,0,0,1,2,1,0,1,0,0,0,0,0,0
67,1,26000000,4,4,3800,10,1,1,0,0,0,2,1,1,1,0,0,0,0,0,0
68,18,30000000,5,4,3500,16,0,0,0,0,0,2,1,0,1,0,0,0,0,0,0
69,1,21000000,4,3,2500,9,1,1,0,0,0,2,1,0,1,0,0,0,0,0,0
70,18,12500000,3,3,1200,7,1,1,0,0,0,1,1,0,1,0,0,0,0,0,0
71,1,6000000,2,2,1200,4.6,0,0,0,0,0,1,0,0,1,0,0,0,0,0,0
72,9,13500000,3,3,1650,10,1,1,0,0,0,1,1,0,1,0,0,0,0,0,0
73,8,5300000,3,1,1250,10,1,0,0,0,0,1,1,0,1,0,0,0,0,0,0
75,17,11000000,3,3,1300,6.5,1,1,0,0,0,1,1,0,1,0,0,0,0,0,0
76,17,23000000,4,4,2800,9,1,1,0,0,0,2,1,0,1,0,0,0,0,0,0
77,18,18000000,6,2,2000,10.2,0,0,0,0,1,2,1,0,1,0,0,0,0,0,0
78,17,21000000,4,4,2450,7,1,1,0,0,0,2,1,0,1,0,0,0,0,0,0
80,17,30000000,5,4,2600,10,1,0,0,0,0,2,1,0,1,0,0,0,0,0,0
81,18,22500000,3,2,1800,10.5,1,0,0,0,1,1,1,0,1,0,0,0,0,0,0
82,1,17000000,4,3,2100,6.2,0,1,0,0,0,2,1,0,1,0,0,0,0,0,0
84,2,17000000,5,3,2500,11.3,1,0,0,0,1,1,1,0,1,0,0,0,0,0,0
85,1,27000000,5,4,5408,12.8,1,0,0,0,0,2,1,0,1,0,0,0,1,1,0
86,11,34000000,4,3,2800,7.5,1,0,0,0,0,2,1,0,1,0,0,0,0,0,0
87,9,27000000,5,4,5408,12.8,0,0,0,0,0,2,1,0,1,0,0,0,1,1,0
88,31,30000000,6,4,3000,14,1,0,0,0,1,2,1,0,1,0,0,0,0,0,0
89,18,26000000,4,3,3000,7.6,0,0,0,1,0,2,1,1,1,1,0,0,0,1,1
90,17,20500000,4,3,2500,8.5,0,1,0,0,0,1,1,1,1,0,1,0,1,0,0
91,17,30000000,4,4,2900,8,1,1,0,0,0,2,1,0,1,0,0,0,0,0,0
92,17,11800000,3,3,1500,8,1,1,0,0,0,1,1,0,1,0,0,0,0,0,0
93,17,20000000,4,3,2500,10,1,1,0,0,0,2,1,0,1,0,0,0,0,0,0
95,13,4800000,2,2,1200,9,0,0,0,0,0,1,1,0,1,0,0,0,0,0,0
96,31,47500000,4,3,4000,18.5,0,1,0,1,0,2,1,1,1,0,1,0,1,1,0
97,18,30000000,5,3,3500,10,0,0,0,0,0,1,1,0,1,0,0,0,0,0,0
100,2,29000000,4,4,2500,6,0,0,1,1,1,2,0,1,1,1,1,1,1,0,0
101,24,37500000,5,5,3200,6,1,0,0,0,1,2,0,1,1,0,0,0,0,0,0
102,17,15000000,3,1,1300,12,1,0,0,0,0,1,1,0,1,0,0,0,0,0,0
104,22,16000000,5,5,2600,10,1,0,0,0,0,1,1,1,1,0,0,0,0,1,0
105,25,15900000,3,3,2650,4,1,0,0,1,1,2,1,1,1,1,0,0,0,1,0
106,9,9000000,3,2,1500,10,0,0,0,0,0,1,1,0,1,0,0,0,0,0,0
107,17,30000000,5,4,2600,10,1,0,0,0,0,2,1,0,1,0,0,0,0,0,0
108,11,33500000,5,4,3800,7.8,1,1,0,0,1,3,1,1,1,0,0,0,0,0,0
109,34,2600000,3,3,1800,12.5,1,0,0,0,1,2,1,0,1,0,1,0,0,0,0
111,9,11000000,3,1,1800,20,1,0,0,0,1,2,1,0,1,0,0,0,1,0,0
112,9,27500000,5,3,3700,18.5,0,0,0,0,0,1,1,0,1,0,0,0,0,0,0
114,22,8900000,3,2,1450,10,0,1,0,0,1,1,1,0,1,0,1,0,0,0,0
115,22,12000000,3,3,1400,7.75,1,1,0,0,1,1,1,0,1,0,0,0,0,0,0
116,9,17500000,4,2,2470,10,0,0,0,0,1,2,1,0,1,0,0,0,0,0,0
117,17,18700000,3,3,1800,7.13,0,0,0,0,0,1,1,0,1,0,0,0,0,1,0
118,31,48000000,5,4,2750,20,1,0,0,0,0,2,1,0,1,0,0,0,0,0,0
119,7,35000000,4,3,3100,6,1,0,0,0,0,3,0,0,1,0,0,0,0,0,0
120,31,38500000,6,4,2905,9.86,1,0,0,0,0,2,1,0,1,0,0,0,0,0,0
121,7,40000000,4,3,3000,10,0,0,0,0,0,2,1,0,1,0,0,0,0,0,0
124,34,15000000,5,2,2500,6.5,0,0,0,0,0,2,0,0,1,0,0,0,0,0,0
125,11,23500000,4,3,2500,6,1,0,0,0,0,2,0,0,1,0,0,0,0,0,0
126,31,59000000,5,5,5500,12,0,0,0,0,0,1,1,0,1,0,0,0,0,1,0
127,2,22750000,3,3,2600,7,1,0,0,0,1,2,1,1,1,1,0,0,1,0,1
128,17,19500000,5,3,3000,9.5,1,0,0,0,1,1,1,0,1,0,0,0,0,0,0
129,9,33500000,5,4,4000,12,0,0,1,1,1,1,1,1,1,1,0,1,1,0,1
130,22,9700000,2,1,700,6.7,1,0,1,0,1,1,0,0,0,0,0,0,0,0,0
131,31,24800000,3,2,25000,10,0,1,0,0,1,1,1,0,1,0,1,0,1,0,0
132,22,15400000,3,3,1700,7,1,0,1,0,1,1,1,0,1,0,0,0,0,0,0
134,17,19000000,3,3,2400,10,1,0,0,0,0,2,1,0,1,0,0,0,0,0,0
135,33,33000000,4,4,2700,8,1,1,1,1,0,1,1,1,1,1,0,1,1,0,0
136,8,11500000,3,3,1450,7.3,0,0,0,0,0,1,1,0,1,0,0,0,0,0,0
137,31,32000000,5,5,3500,8,1,0,0,0,1,1,1,1,1,0,0,0,0,1,0
138,34,13800000,5,2,2300,6,0,0,0,0,1,2,1,0,1,0,0,0,0,0,0
139,22,18500000,3,2,1800,22,0,0,0,0,0,1,1,0,1,0,1,0,0,0,0
141,2,28000000,4,4,3680,10,0,0,0,0,0,1,1,0,1,0,0,0,0,0,0
142,17,23000000,4,3,2582,8.6,1,0,0,0,1,2,1,0,1,0,1,0,1,0,0
143,1,34000000,5,3,3600,19,0,0,0,0,0,2,1,0,1,0,1,0,0,0,0
144,17,14000000,5,3,1950,6.6,1,0,0,0,1,3,1,0,1,0,0,0,0,0,0
145,22,24000000,5,4,3400,11.5,1,0,0,0,0,1,1,0,1,0,0,0,0,0,0
146,17,24000000,4,3,2800,7,0,0,0,0,0,1,1,1,1,0,0,0,0,0,0
148,21,19500000,3,3,2150,8.6,1,0,0,0,1,3,1,0,1,0,0,0,0,0,0
149,17,20500000,4,3,2850,8,1,0,0,0,0,2,1,0,1,0,0,0,0,0,0
151,22,4300000,3,1,1000,5.72,0,0,0,0,1,1,1,0,1,0,0,0,0,0,0
152,22,14000000,4,3,1800,11,1,1,0,0,1,1,1,0,1,0,0,0,1,1,0
153,31,21500000,4,3,2500,6.5,0,0,0,0,0,1,0,0,1,0,0,0,0,0,0
154,24,38000000,4,4,3499,6,0,0,0,0,0,1,0,0,1,0,0,0,0,0,0
155,17,12000000,3,2,1350,7.2,1,0,0,0,0,1,1,0,1,0,0,0,0,0,0
156,16,29000000,3,1,2000,10,0,0,0,0,0,2,1,0,1,0,0,0,0,0,0
157,29,11500000,5,3,2552,15,0,0,0,0,0,2,1,0,1,0,0,0,0,0,0
158,18,19500000,3,3,2040,6.5,0,0,0,0,0,2,0,0,1,0,0,0,0,0,0
159,22,18500000,5,3,2500,10,1,0,0,0,1,2,1,1,1,1,0,0,0,0,0
160,8,22500000,4,4,3200,8,1,1,1,0,1,2,1,0,1,0,1,0,0,1,0
161,31,21500000,4,3,2500,6.5,0,0,0,0,0,1,0,0,1,0,0,0,0,0,0
162,28,7300000,2,2,1000,8,0,1,0,0,0,1,1,0,0,0,0,0,0,0,0
164,24,46000000,5,4,2850,7.9,1,0,0,0,0,1,1,0,1,0,0,0,0,0,0
165,24,46000000,5,4,3050,7.9,0,0,0,0,0,1,1,0,1,0,0,0,0,1,0
166,24,50000000,5,6,3750,12,0,0,0,0,0,1,1,0,1,0,0,0,0,0,0
167,23,35000000,4,3,2400,6,0,0,0,0,0,1,1,0,1,0,0,0,0,0,0
169,22,21500000,4,3,2200,8,1,1,0,0,1,2,1,1,1,0,1,0,0,0,0
170,17,30000000,4,4,2400,10,1,0,0,0,0,2,1,0,1,0,0,0,0,0,0
171,11,30000000,5,4,3500,7.5,0,0,0,1,1,3,1,1,1,0,0,0,0,1,1
172,7,17000000,3,3,3500,9,0,0,0,0,0,2,1,0,1,0,0,0,0,0,0
174,23,60000000,4,4,3450,6,1,0,0,0,0,1,0,0,1,0,0,0,0,0,0
175,22,25000000,5,2,4000,12.5,0,0,1,0,0,2,1,0,1,0,0,1,0,0,0
178,17,37000000,4,4,2900,10,1,0,0,0,0,3,1,1,1,0,0,0,0,0,0
180,1,9000000,3,2,1380,6.5,0,0,0,0,0,1,0,0,1,0,0,0,0,0,0
181,1,13000000,3,3,1580,8,0,0,1,0,1,1,1,1,1,1,1,1,0,0,0
182,2,19800000,4,2,2200,8.6,0,0,0,0,1,2,1,0,1,0,0,0,0,0,0
185,35,38000000,7,4,1020,3.75,1,0,0,0,0,3,0,0,1,0,0,0,1,0,0
186,30,25000000,3,3,3500,17,0,1,0,1,1,2,1,1,1,0,0,0,0,1,0
187,31,59500000,7,5,5200,12.5,0,0,0,0,0,2,1,0,1,0,0,0,0,0,0
188,9,22500000,5,3,2400,18.5,0,0,0,0,1,2,1,0,1,0,0,0,0,0,0
190,1,24800000,4,4,2500,7,1,1,0,0,1,2,1,0,1,0,0,0,0,0,0
191,11,21500000,4,3,2200,6.5,1,1,0,0,0,2,1,0,1,0,0,0,0,0,0
192,31,45000000,5,5,2400,10.5,0,0,0,0,0,1,1,0,1,0,0,0,0,0,0
193,11,32500000,4,4,3200,10,1,0,0,0,0,2,1,0,1,0,0,0,0,0,0
194,17,22500000,4,3,1883,5.5,0,1,0,1,1,1,1,1,1,0,0,0,0,0,0
195,9,31000000,4,5,4000,10,1,1,0,0,0,3,1,0,1,0,0,0,0,0,0
196,9,8300000,2,1,1600,12,0,1,0,0,0,1,1,0,0,0,0,0,0,0,0
197,17,19000000,3,3,2400,10,1,1,0,0,0,2,1,0,1,0,0,0,0,0,0
198,17,11800000,3,3,1500,8,1,1,0,0,0,1,1,0,1,0,0,0,0,0,0
199,17,11000000,3,3,1300,6.5,1,1,0,0,0,1,1,0,1,0,0,0,0,0,0
202,17,18000000,4,4,2200,7,0,1,0,0,0,2,1,0,1,0,0,0,0,0,0
203,17,23000000,4,4,2800,9,1,1,0,0,0,2,1,0,1,0,0,0,0,0,0
204,17,21000000,4,4,2450,7,1,1,0,0,0,2,1,0,1,0,0,0,0,0,0
205,22,28800000,6,5,3300,8.2,0,0,0,0,0,3,1,1,1,0,0,0,0,0,0
206,24,45000000,3,2,3500,14.5,0,0,0,0,0,1,1,0,1,0,0,0,0,0,0
207,10,25000000,2,2,800,6.5,0,0,0,0,1,1,0,0,0,0,0,0,0,0,0
210,17,20000000,4,3,2400,10,1,0,0,0,0,2,1,1,1,0,0,0,0,0,0
212,17,21500000,4,3,2650,7,1,0,0,0,1,2,1,0,1,0,0,0,0,0,0
213,17,11000000,3,2,1500,7,1,0,0,0,0,1,1,0,1,0,0,0,0,0,0
214,17,28500000,5,4,3800,10.5,1,0,0,0,0,2,1,0,1,0,0,0,0,0,0
215,1,12500000,3,2,1537,10,0,0,0,0,0,1,1,0,1,0,0,0,0,0,0
217,17,21500000,4,4,2400,6,1,0,0,0,0,2,0,0,1,0,0,0,0,0,0
218,31,37500000,5,3,3700,12,0,0,0,1,0,1,1,1,1,0,0,0,0,0,0
219,1,9500000,3,2,1100,9,0,0,0,0,0,1,1,0,1,0,0,0,0,0,0
220,16,47000000,4,3,3000,10,0,0,0,0,1,2,1,1,1,0,0,0,0,0,0
221,17,22500000,4,4,2800,8,1,1,0,0,0,2,1,0,1,0,0,0,0,0,0
223,17,21500000,4,3,2200,6.5,1,1,0,0,1,2,1,0,1,0,0,0,0,0,0
600,9,9975000,4,2,2200,11.23,1,0,0,0,0,2,1,1,1,0,1,0,0,0,1
601,11,32500000,4,4,3500,11,1,0,0,0,0,2,1,1,1,0,0,0,0,0,0
602,28,13000000,3,3,1500,10.7,0,0,0,0,0,1,1,0,1,0,0,0,0,0,0
603,17,22500000,4,4,2800,10,1,1,0,0,0,2,1,0,1,0,0,0,0,0,0
604,17,33000000,6,5,3900,12,1,1,0,0,0,3,1,0,1,0,0,0,0,0,0
605,17,16000000,3,3,1600,10,1,1,0,0,0,1,1,0,1,0,0,0,0,0,0
606,17,11000000,3,3,1300,6.5,1,1,0,0,0,1,1,0,1,0,0,0,0,0,0
607,17,23000000,4,4,2800,9,1,1,0,0,0,2,1,0,1,0,0,0,0,0,0
608,9,13500000,3,3,1650,10,1,1,0,0,0,1,1,0,1,0,0,0,0,0,0
611,26,30000000,4,2,2600,11,0,0,0,0,0,2,1,0,1,0,0,0,0,0,0
613,3,7500000,3,2,1200,4.4,0,0,0,0,0,1,0,0,1,0,0,0,0,0,0
614,1,14000000,3,2,1288,8,1,0,0,0,1,1,1,0,1,0,0,0,0,0,0
615,16,18000000,2,2,1500,7,0,0,0,0,0,2,1,1,0,0,0,0,1,0,0
616,16,22000000,4,3,2850,8,1,0,0,0,0,2,1,0,1,0,0,0,0,0,0
617,9,18000000,4,2,2537,6.3,1,1,1,0,1,2,1,1,1,0,1,1,1,0,0
618,31,32000000,3,2,2000,6.1,0,0,0,0,0,2,0,0,1,0,0,0,0,0,0
619,1,26000000,4,2,2700,13,0,0,0,0,1,2,1,0,1,0,0,0,0,0,1
620,1,10000000,2,1,700,7.5,0,0,0,0,0,1,1,0,0,0,0,0,0,0,0
622,11,30000000,3,3,2500,11,1,1,0,0,1,1,1,0,1,0,0,0,0,1,0
623,31,42000000,5,4,3455,12.25,0,0,0,0,0,1,1,0,1,0,0,0,0,0,0
624,22,7200000,3,2,2500,11.5,0,0,0,0,0,2,1,0,1,0,0,0,0,0,0
626,32,39000000,5,5,4000,10,0,0,0,0,0,1,1,1,1,0,0,0,0,0,0
627,17,21500000,4,3,2850,6,1,0,0,0,0,1,0,0,1,0,0,0,0,1,0
628,9,8000000,2,2,1800,6,0,0,1,0,1,1,1,0,1,0,0,1,0,0,0
629,18,12500000,3,3,1200,7,1,1,0,0,0,1,1,0,1,0,0,0,1,0,0
630,7,22000000,4,2,1100,13,0,0,0,0,0,1,1,0,1,0,0,0,0,0,0
632,17,18000000,4,4,2200,7,0,1,0,0,0,2,1,0,1,0,0,0,0,0,0
634,7,25000000,5,3,2725,12,0,0,0,0,1,2,1,0,1,0,0,0,0,0,0
636,22,16000000,4,2,2100,6,1,1,0,0,0,2,1,0,1,0,0,0,0,0,0
637,8,16000000,4,2,2100,6,1,1,0,0,0,1,1,0,1,0,0,0,0,0,0
639,23,56000000,9,7,4500,10,1,0,0,0,0,1,1,0,1,0,0,0,0,0,0
640,18,29000000,4,4,3000,6,0,1,0,0,0,3,1,0,1,0,0,0,0,0,0
641,17,21000000,4,4,2450,7,1,1,0,0,0,2,1,0,1,0,0,0,0,0,0
642,17,30000000,4,4,2900,8,1,1,0,0,0,2,1,0,1,0,0,0,0,0,0
643,17,19000000,3,3,2400,10,1,1,0,0,0,2,1,0,1,0,0,0,0,0,0
644,17,20000000,4,4,2500,10,1,1,0,0,0,2,1,0,1,0,0,0,0,0,0
645,9,11000000,3,3,1400,9,1,1,0,0,0,1,1,0,1,0,0,0,0,0,0
646,1,10000000,2,1,700,7.5,0,0,0,0,0,1,1,0,0,0,0,0,0,0,0
647,17,33000000,6,6,3800,12,1,0,0,0,0,2,1,1,1,0,0,0,0,0,0
648,17,24000000,4,4,2900,7,1,1,0,0,0,2,1,0,1,0,0,0,0,0,0
649,9,27000000,5,4,5480,12.8,1,0,0,0,0,2,1,0,1,0,0,0,0,1,0
650,1,27000000,5,4,5408,12.8,1,1,0,0,0,2,1,0,1,0,0,0,0,1,0
651,18,16500000,3,2,2200,7.1,1,0,0,0,0,2,1,0,1,0,0,0,0,0,0
652,17,16000000,3,2,1600,10,1,0,0,0,0,1,1,0,1,0,1,0,1,0,0
653,24,29000000,5,2,1600,7,0,0,0,0,0,1,1,0,1,0,0,0,0,0,0
654,9,6400000,2,1,1000,6,0,1,1,1,1,1,1,1,1,1,0,1,1,0,0
655,24,40000000,4,3,3000,14,0,0,0,0,0,1,1,0,1,0,0,0,0,0,0
656,33,9500000,3,1,1600,7,0,0,0,0,1,1,1,0,1,0,0,0,0,0,0
657,31,40000000,3,3,2400,14.5,0,0,0,0,1,2,1,0,1,0,0,0,0,0,0
658,3,4000000,2,2,1000,1.7,0,0,0,0,1,2,0,0,0,0,0,0,1,0,0
659,17,28000000,4,5,3500,6,1,1,1,0,1,3,1,1,1,0,1,1,1,0,0
661,11,12000000,4,2,1976,6.85,0,0,0,0,0,3,1,1,1,0,0,0,0,0,1
662,32,55000000,3,3,2000,20,0,1,0,1,0,1,1,1,1,0,1,0,0,1,0
663,8,12500000,4,3,1850,9,1,1,0,0,1,2,1,0,1,0,0,0,0,0,0
664,31,42000000,4,3,2980,8,1,1,0,0,0,1,1,1,1,1,1,0,0,1,0
665,11,28000000,6,4,3650,12.5,0,0,0,0,0,3,1,0,1,0,0,0,0,0,0
666,17,15500000,6,3,2500,12,1,0,0,0,0,1,1,0,1,0,0,0,0,0,0
667,24,28000000,4,2,2000,7,0,0,0,0,1,1,1,0,1,0,0,0,0,0,0
668,22,13000000,4,2,1550,7,1,0,1,1,1,1,1,1,1,1,0,1,0,0,0
670,8,12800000,3,1,1200,7.5,1,0,0,0,1,1,1,0,1,0,0,0,0,0,0
672,17,7200000,2,1,1000,6,0,1,0,0,0,1,1,0,0,0,0,0,0,0,0
674,1,13000000,3,3,1580,8,1,0,1,0,1,1,1,1,1,1,1,1,0,0,0
675,1,26000000,4,4,2900,10,1,1,0,0,0,2,1,0,1,0,0,0,0,0,0
676,1,17000000,4,3,2100,6.2,0,1,0,0,0,2,1,0,1,0,0,0,0,0,0
677,17,46000000,5,4,3500,11.8,0,0,0,1,0,3,1,1,1,0,0,0,0,0,0
680,17,23000000,4,4,2800,9,1,1,0,0,0,2,1,0,1,0,0,0,0,0,0
681,17,24000000,4,4,2900,7,1,1,0,0,0,2,1,0,1,0,0,0,0,0,0
682,24,5500000,2,1,871,3,0,0,0,0,1,1,0,0,0,0,0,0,0,0,0
683,18,22800000,4,4,1885,5.5,0,0,0,0,0,2,0,0,1,0,0,0,0,0,0
684,22,14000000,3,2,1200,9.7,1,0,0,0,1,1,1,0,1,0,0,0,0,0,0
685,9,20000000,4,3,2700,10,1,1,0,0,0,2,1,1,1,0,1,0,1,0,0
686,35,37500000,3,1,1200,10.56,0,0,0,0,0,1,1,0,1,0,0,0,0,0,0
687,35,57000000,4,3,3000,7.5,0,0,0,0,1,1,1,1,1,0,0,0,0,0,0
690,18,22500000,3,2,1800,10.5,1,0,0,0,0,1,1,0,1,0,0,0,0,0,0
691,7,15000000,3,2,2000,8.25,0,0,0,0,0,1,1,0,1,0,0,0,0,0,0
693,9,31000000,4,5,4000,10,1,1,0,0,0,3,1,0,1,0,0,0,0,0,0
694,11,32500000,4,4,3200,10,1,0,0,0,0,2,1,0,1,0,0,0,0,1,0
695,11,57500000,5,5,3800,20,0,0,0,0,0,2,1,1,1,0,0,0,0,1,0
696,29,5000000,2,1,1200,18,0,0,0,0,0,1,1,0,0,0,0,0,0,0,0
697,11,34000000,4,4,3300,8,1,1,0,0,0,1,1,1,1,0,0,0,0,0,0
698,11,42000000,5,5,4000,12.5,1,0,0,0,0,1,1,0,1,0,0,0,0,1,0
699,18,18000000,3,3,1800,10.5,1,0,0,0,0,1,1,0,1,0,0,0,0,0,0
700,7,23000000,5,2,2500,8.6,0,0,0,0,0,2,1,0,1,0,0,0,0,0,0
701,25,6900000,4,2,1500,10,0,0,0,0,1,1,1,0,1,0,0,0,0,0,0
703,4,50000000,3,2,2500,6.5,0,0,0,0,0,1,1,0,1,0,0,0,0,0,0
704,22,16500000,6,3,2800,18,1,1,0,0,1,2,1,1,1,0,1,0,1,1,0
705,28,39500000,4,4,4000,20,1,0,0,0,1,3,1,0,1,0,0,0,0,0,0
706,7,27500000,4,4,3000,10,0,0,0,0,0,1,1,0,1,0,0,0,0,0,0
708,22,16000000,4,4,3200,7.2,1,1,0,0,1,3,1,1,1,1,0,0,0,0,0
709,9,19500000,4,3,2850,7.5,1,0,0,1,0,2,1,1,1,1,1,0,0,1,1
710,33,9600000,3,2,650,5.9,1,0,0,0,1,1,0,0,1,0,0,0,0,0,0
713,12,45000000,3,2,2000,5.6,0,0,0,0,0,2,0,0,1,0,0,0,0,0,0
714,23,21000000,4,3,2000,4,0,0,0,0,0,2,0,0,1,0,0,0,0,0,0
715,30,57000000,5,5,3000,10.5,0,0,0,0,0,1,1,0,1,0,0,0,0,0,0
716,17,6900000,2,2,1077,3.5,0,0,0,0,0,1,0,0,0,0,0,0,0,0,0
717,17,9500000,3,1,2000,9.7,1,1,0,0,1,1,1,0,1,0,0,0,0,0,0
718,24,37500000,3,3,3200,6,1,0,0,0,0,2,1,0,1,0,0,0,0,0,0
719,25,11200000,3,3,1580,8,1,0,0,0,0,1,1,0,1,0,0,0,0,0,0
720,30,28500000,4,3,2500,6,1,0,0,0,0,2,0,0,1,0,0,0,0,0,0
722,34,60000000,4,3,2000,13.1,0,0,0,1,1,3,1,1,1,1,1,0,0,1,0
723,17,18000000,3,3,2300,6.5,1,1,0,0,0,2,1,0,1,0,0,0,0,0,0
724,31,47000000,5,3,4500,7.9,0,0,0,0,1,4,1,0,1,0,0,0,0,0,0
725,29,7900000,3,3,1600,20,0,0,0,0,0,1,1,0,1,0,0,0,0,0,0
726,18,17500000,4,2,714,5.35,0,0,0,1,0,2,0,1,1,0,0,0,1,0,1
727,1,10000000,2,1,700,7.5,0,0,0,0,0,1,1,0,0,0,0,0,0,0,0
728,25,9000000,3,3,1480,7.5,1,0,0,0,1,1,1,0,1,0,0,0,1,0,0
729,31,14000000,3,2,800,10.02,0,0,0,0,1,1,1,0,1,0,0,0,0,0,0
731,23,26500000,3,2,1700,7.5,0,0,0,0,1,1,1,0,1,0,0,0,0,0,0
732,5,18000000,5,2,1582,5.4,0,0,0,0,0,2,0,0,1,0,0,0,0,0,0
733,31,21000000,3,2,1950,11.8,0,0,0,0,1,1,1,0,1,0,1,0,0,0,0
734,16,52500000,4,3,4500,12,0,0,0,0,0,2,1,1,1,0,0,0,0,0,0
736,23,14000000,3,1,800,3.8,0,0,0,0,0,1,1,0,1,0,0,0,0,0,0
738,24,40000000,4,4,3000,6,1,0,0,0,0,3,0,0,1,0,0,0,0,0,0
740,21,60000000,3,3,1000,120,0,0,0,0,1,1,1,1,1,0,0,0,1,0,0
741,30,39000000,4,4,3600,30,1,0,0,0,1,3,1,1,1,1,1,0,0,0,0
742,17,28500000,5,4,3500,10,1,1,0,0,0,1,1,0,1,0,0,0,0,0,0
743,25,7900000,3,2,2000,10,0,0,0,0,1,1,1,0,1,0,0,0,1,0,0
744,19,6800000,2,2,1200,4.2,0,0,0,0,1,1,1,0,0,0,0,0,0,0,0
745,17,24000000,4,4,2900,7,1,1,0,0,0,2,1,0,1,0,0,0,0,0,0
747,17,22500000,4,4,2800,10,1,1,0,0,0,2,1,0,1,0,0,0,0,0,0
748,17,30000000,4,4,2900,8,1,1,0,0,0,2,1,0,1,0,0,0,0,0,0
749,36,2500000,2,1,1400,4,1,0,0,0,1,1,1,0,1,0,0,0,0,0,0
750,7,36000000,4,3,3050,10.5,0,0,0,1,0,2,1,1,1,0,0,0,0,0,0
751,11,31000000,5,4,38000,7.5,1,0,0,0,0,1,1,0,1,0,0,0,0,1,0
752,22,10900000,2,2,865,11.95,0,0,0,0,1,1,1,0,1,0,0,0,0,0,0
754,31,29000000,4,3,2800,8.33,1,1,0,0,0,2,1,1,1,0,1,0,1,0,1
756,12,55000000,4,3,3000,10,0,0,0,0,0,1,1,0,1,0,0,0,0,0,0
757,11,41000000,4,4,3750,17,0,0,0,0,0,1,1,0,1,0,0,0,0,0,0
758,9,26000000,5,4,3300,8.5,1,1,0,0,0,2,1,0,1,0,0,0,0,0,0
760,1,19000000,3,3,2400,10,1,1,0,0,0,2,1,0,1,0,0,0,0,0,0
762,23,11500000,3,1,900,8,1,1,0,0,0,1,1,0,1,0,0,0,0,0,0
763,9,8300000,2,1,1600,12,0,1,0,0,0,1,1,0,0,0,0,0,0,0,0
764,24,29500000,3,4,2600,6,0,0,0,0,1,1,0,0,1,0,0,0,0,0,0
765,17,23000000,4,4,2800,9,1,1,0,0,0,2,1,0,1,0,0,0,0,0,0
766,17,23000000,3,3,2400,10,1,0,0,0,0,2,1,0,1,0,0,0,0,0,0
767,17,11800000,3,3,1500,8,1,1,0,0,0,1,1,0,1,0,0,0,0,0,0
768,17,21000000,4,4,2450,7,1,1,0,0,0,2,1,0,1,0,0,0,1,0,0
769,11,20000000,5,3,2900,10.5,0,0,0,0,0,2,1,0,1,0,0,0,0,0,0
770,23,20000000,4,4,2680,4.5,1,0,0,0,1,1,1,0,1,0,0,0,0,0,1
773,22,8900000,3,2,1450,10,1,1,0,0,1,1,1,1,1,1,1,0,0,1,0
774,22,24000000,5,4,3400,11.5,1,1,0,1,1,2,1,1,1,1,1,0,0,0,0
779,7,31500000,4,3,3150,6.5,0,0,0,0,0,2,1,0,1,0,0,0,0,0,0
780,7,17500000,6,3,2200,6.7,0,0,0,0,0,3,1,0,1,0,0,0,0,0,0
781,17,46000000,4,4,3500,11.8,1,1,0,1,1,2,1,1,1,1,1,0,0,0,0
782,10,25000000,2,2,800,6.5,0,0,0,0,0,1,1,0,0,0,0,0,0,0,0
783,11,38000000,3,3,5000,21.8,0,0,0,0,0,1,1,0,1,0,0,0,0,1,1
785,16,7285000,3,2,1072,6,0,0,0,0,0,2,1,0,1,0,0,0,0,0,0
786,16,18000000,3,3,2650,8,1,0,0,0,0,1,1,0,1,0,0,0,0,0,0
788,7,34000000,4,3,3500,6.3,1,0,0,0,0,1,1,1,1,0,0,0,0,0,0
789,36,9000000,2,1,1100,6,0,0,0,0,0,1,1,0,0,0,0,0,0,0,0
790,22,16500000,5,2,2524,8.5,0,0,0,0,0,2,1,0,1,0,0,0,0,0,0
791,9,31000000,4,5,4000,10,1,1,0,0,0,3,1,0,1,0,0,0,0,0,0
792,1,19500000,5,3,3200,11.5,1,0,0,0,0,3,1,0,1,0,0,0,0,0,0
793,11,32500000,4,4,3200,10,1,0,0,0,0,2,1,0,1,0,0,0,0,1,0
794,1,25000000,4,2,2500,14,0,0,0,0,0,1,1,0,1,0,0,0,0,0,0
795,1,22000000,5,4,2900,9.8,0,0,1,1,1,2,1,1,1,1,1,1,0,1,1
796,18,30000000,5,4,3500,16,0,0,0,0,0,2,1,0,1,0,0,0,0,0,0
797,9,19000000,4,4,2400,8,1,1,0,0,0,2,1,0,1,0,0,0,0,0,0
799,18,50000000,6,5,3600,17.6,0,1,0,0,0,2,1,0,1,0,0,0,0,0,0
800,24,55000000,5,6,3750,12,0,0,0,0,0,2,1,0,1,0,0,0,0,0,0
801,8,6500000,3,1,1000,6,0,0,0,0,0,1,1,0,1,0,0,0,0,0,0
802,9,13500000,3,3,1650,10,1,1,0,0,0,1,1,0,1,0,0,0,0,0,0
803,24,34000000,2,2,1300,7.2,0,0,0,1,1,1,1,1,1,0,0,0,1,0,0
804,9,28000000,5,4,2500,16,1,1,0,0,0,2,1,0,1,0,0,0,0,0,0
805,36,27500000,5,2,2300,5,0,0,0,0,1,2,1,0,1,0,0,0,0,0,0
806,11,16500000,2,2,1000,6,1,0,0,0,0,2,1,1,1,0,0,0,1,0,0
808,17,25000000,4,3,2240,10,0,0,0,0,1,2,1,0,1,0,0,0,0,0,0
809,17,30000000,5,4,2600,10,1,0,0,0,0,2,1,1,1,0,0,0,0,0,0
810,25,14500000,5,2,3000,25.5,0,0,0,0,0,1,1,0,1,0,0,0,0,0,0
811,11,34000000,4,4,3300,8,1,1,0,0,0,2,1,1,1,0,0,0,0,0,0
812,17,21500000,4,3,2850,6,1,0,0,0,0,1,0,0,1,0,0,0,0,1,0
813,11,21500000,4,3,2200,6.5,1,1,0,0,0,2,1,0,1,0,0,0,0,0,0
815,1,24800000,4,4,2500,7,1,1,0,0,0,2,1,0,1,0,0,0,0,0,0
817,18,18000000,3,3,1800,10,1,0,0,0,0,1,1,0,1,0,0,0,0,0,0
818,8,12000000,3,3,2722.5,20,0,0,0,0,0,1,1,0,1,0,0,0,0,0,0
819,1,4800000,1,1,680,3.6,1,0,0,0,1,1,0,0,1,0,0,0,0,0,0
820,17,22500000,4,4,2800,8,1,1,0,0,0,2,1,0,1,0,0,0,0,0,0
821,24,16000000,2,1,1960,7.3,0,0,1,0,0,1,1,0,0,0,0,1,1,0,0
822,17,21000000,4,4,2450,7,1,1,0,0,0,2,1,0,1,0,0,0,1,0,0
823,17,24000000,4,4,2900,7,1,1,0,0,0,2,1,0,1,0,0,0,0,0,0
824,11,43000000,6,3,2500,20,0,0,0,0,1,1,1,1,1,0,0,0,0,0,0
825,17,18000000,4,4,2200,7,0,1,0,0,0,2,1,0,1,0,0,0,0,0,0
826,17,16000000,3,3,1600,10,1,1,0,0,0,1,1,0,1,0,0,0,0,1,0
827,24,46000000,4,4,2800,16,0,1,0,1,1,1,1,1,1,1,0,0,1,0,0
828,2,6350000,3,2,1400,5.7,0,1,0,0,0,1,1,0,1,0,0,0,1,0,1
829,18,24000000,4,4,2850,8,1,0,0,0,0,2,1,0,1,0,0,0,0,0,0
830,22,15000000,3,1,1300,11,0,1,0,0,1,1,1,0,1,0,0,0,0,0,0
831,8,22000000,4,3,1820,7.63,0,1,0,1,0,3,1,1,1,0,0,0,0,0,0
833,1,11500000,3,1,1200,7.5,1,0,0,0,1,1,1,0,1,0,0,0,0,0,0
834,17,26500000,5,3,2400,6.35,1,0,0,0,0,2,1,0,1,0,1,0,0,1,1
836,28,26000000,4,4,3600,10,1,1,1,1,1,1,1,1,1,1,1,1,1,0,1
837,31,5500000,2,1,850,4.5,0,0,0,0,0,1,1,0,1,0,0,0,1,0,0
838,4,28000000,4,4,1700,3.5,0,0,0,0,0,3,0,0,1,0,0,0,0,0,0
839,16,25000000,8,6,3000,18,0,0,0,0,0,2,1,0,1,0,0,0,0,0,0
840,11,18500000,4,2,1850,17,0,0,0,0,0,2,1,0,1,0,0,0,0,0,0
841,18,37000000,4,4,2900,10,1,0,0,0,0,3,1,1,1,0,0,0,0,0,0
843,24,42500000,6,3,3000,5.9,0,0,0,0,0,3,0,0,1,0,0,0,0,0,0
844,11,53000000,5,4,4000,10.25,1,0,0,0,0,2,1,1,1,0,0,0,0,1,0
845,11,21000000,4,3,2650,11,0,0,0,0,0,2,1,0,1,0,0,0,0,0,0
849,8,8900000,3,2,1200,10,1,1,0,0,0,1,1,1,1,1,1,0,0,0,0
850,30,13500000,3,2,900,3,0,0,0,0,0,2,1,0,1,0,0,0,0,0,0
851,22,11500000,3,2,1300,7.5,1,0,0,0,0,1,1,0,1,0,0,0,0,0,0
852,22,8500000,3,2,1250,8,1,0,0,0,0,1,1,0,1,0,0,0,0,0,0
853,29,3600000,2,1,1200,10,0,0,0,0,0,1,1,0,0,0,0,0,0,0,0
854,34,20000000,5,4,4000,18,0,0,0,0,0,2,1,0,1,0,0,0,0,0,0
856,18,36000000,3,3,3000,9,0,0,0,0,1,1,1,1,1,0,0,0,0,1,0
857,33,18000000,5,3,2000,7.23,0,0,0,0,1,3,1,0,1,0,0,0,0,0,0
858,11,27500000,5,4,3500,10,0,0,0,0,0,3,1,0,1,0,0,0,0,0,0
860,1,13000000,3,3,1200,10,1,0,1,0,0,1,1,1,1,1,1,1,1,0,0
861,33,21000000,4,2,2000,7.3,0,0,0,0,0,1,1,0,1,0,0,0,0,0,0
863,22,12000000,1,1,1480,10.7,0,0,0,1,1,2,1,1,1,1,1,0,0,0,0
867,9,8500000,3,2,1320,10.4,0,0,0,0,0,1,1,0,1,0,0,0,0,0,0
868,25,8000000,2,1,1250,7.5,0,0,0,0,0,1,1,0,0,0,0,0,0,0,0
869,17,16000000,6,3,4500,12,0,0,0,0,1,2,1,0,1,0,0,0,0,0,0
870,17,30000000,4,4,2900,8,1,1,0,0,0,2,1,0,1,0,0,0,0,0,0
871,22,31500000,4,3,2150,8.7,1,1,0,1,0,2,1,1,1,1,1,0,1,0,1
873,18,16500000,3,4,2200,7.1,1,0,0,0,0,2,1,0,1,0,0,0,0,0,0
874,17,12800000,3,3,1300,7.9,0,1,0,0,0,1,1,0,1,0,0,0,0,0,0
875,2,21500000,3,2,1200,11,0,1,0,1,0,1,1,1,1,1,0,0,0,0,1
876,17,33000000,6,6,3900,12,1,1,0,0,0,3,1,0,1,0,0,0,0,0,0
877,1,9800000,3,2,1500,6,0,0,0,0,1,1,0,0,1,0,1,0,0,0,0
878,1,14200000,3,3,1580,10,1,0,1,1,1,1,1,1,1,1,1,1,0,0,0
879,9,19000000,4,4,2620,8,1,1,0,0,1,2,1,0,1,0,1,0,0,0,0
882,24,45000000,3,2,2000,9.6,0,0,0,0,1,1,1,0,1,0,0,0,0,0,0
884,18,7000000,2,1,1497,6,0,0,0,0,0,1,1,0,1,0,1,0,0,0,0
885,1,9800000,3,3,2100,7.5,1,0,0,0,0,1,1,0,1,0,0,0,0,0,0
887,9,19000000,4,4,2600,8.5,1,0,0,0,1,1,1,1,1,1,1,0,1,0,1
888,7,27500000,4,3,2550,8.5,1,0,0,0,0,1,1,0,1,0,0,0,0,1,0
889,9,18000000,4,4,2200,8,1,1,0,0,0,2,1,0,1,0,0,0,0,0,0
890,31,29000000,4,3,2800,8.33,1,1,0,0,0,2,1,1,1,0,1,0,1,0,1
895,24,12500000,2,1,1000,6.5,0,0,0,0,0,1,0,0,0,0,0,0,0,0,0
896,11,35000000,4,4,3150,8,1,0,0,0,1,3,1,1,1,0,0,0,0,0,0
897,17,19000000,3,3,2400,10,1,1,0,0,0,2,1,0,1,0,0,0,0,0,0
898,17,26000000,5,5,4000,8,1,1,0,0,0,2,1,0,1,0,0,0,0,0,0
899,18,18000000,3,3,1800,10,1,0,0,0,0,1,1,0,1,0,0,0,0,0,0
901,17,21000000,4,4,2450,7,1,1,0,0,0,2,1,0,1,0,0,0,1,0,0
902,17,20000000,4,4,2500,10,1,1,0,0,0,2,1,0,1,0,0,0,0,0,0
903,17,24000000,4,4,2900,7,1,1,0,0,0,2,1,0,1,0,0,0,0,0,0
904,17,22500000,4,4,2800,8,1,1,0,0,0,2,1,0,1,0,0,0,0,0,0
905,9,8300000,2,1,1600,12,0,1,0,0,0,1,1,0,0,0,0,0,0,0,0
906,22,13200000,3,3,1600,12,0,0,1,1,1,1,1,1,1,1,1,1,1,0,0
907,9,27000000,5,4,5480,12.8,1,0,0,0,0,2,1,0,1,0,0,0,0,1,0
909,17,16000000,3,3,1600,10,1,1,0,0,0,1,1,0,1,0,0,0,0,1,0
910,17,18000000,4,4,2200,7,0,1,0,0,0,2,1,0,1,0,0,0,0,0,0
911,17,26000000,5,4,3300,8.5,1,1,0,0,0,2,1,0,1,0,0,0,0,0,0
912,17,23000000,4,4,2800,9,1,1,0,0,0,2,1,0,1,0,0,0,0,0,0
913,18,14900000,2,2,1000,7,1,0,0,0,0,1,1,1,0,0,0,0,0,0,0
915,22,17500000,4,4,2800,10,1,0,0,0,1,2,1,1,1,0,0,0,0,0,0
916,17,46000000,4,4,3500,11.8,1,1,0,1,1,2,1,1,1,1,1,0,0,0,0
917,18,45000000,5,5,3280,7.5,1,0,1,1,1,3,1,1,1,0,0,1,0,0,1
918,22,23500000,5,5,3400,9.5,1,0,1,1,1,3,1,1,1,0,0,1,1,1,0
919,31,39500000,5,4,3200,6.2,1,0,1,0,1,3,1,1,1,1,0,1,0,0,0
920,1,26000000,4,4,3800,10,1,1,1,1,1,2,1,1,1,0,1,1,0,1,0
921,23,29000000,4,4,2500,4,1,1,0,0,0,1,1,0,1,0,1,0,1,0,0
922,23,25000000,3,4,1500,4,1,1,0,0,0,2,1,0,1,0,1,0,1,0,0
924,21,3800000,4,1,1200,12,0,0,0,0,0,1,1,0,1,0,0,0,0,0,0
925,22,18500000,4,4,2000,9,1,1,1,0,1,2,1,0,1,0,1,1,0,0,0
926,11,21500000,4,3,2850,6,1,0,0,0,0,1,0,0,1,0,0,0,0,0,0
929,17,26000000,5,4,2850,8.5,1,0,0,1,1,1,1,1,1,1,0,0,0,1,1
930,8,12000000,4,3,1800,8.5,0,1,0,0,1,1,1,0,1,0,0,0,0,0,0
931,22,21000000,4,3,2200,7,1,0,1,1,1,2,1,1,1,1,0,1,0,0,0
932,17,22500000,4,4,2850,8,1,0,0,0,1,2,1,1,1,0,1,0,0,0,0
934,17,18800000,4,4,2250,6.5,1,0,1,1,0,2,1,1,1,1,1,1,0,0,0
936,28,12500000,3,2,1700,10,0,0,0,0,1,1,1,0,1,0,0,0,0,0,0
937,9,40230000,3,2,2600,27,0,0,0,0,0,2,1,0,1,0,0,0,0,0,0
939,28,26000000,3,2,2750,35,0,0,0,0,0,2,1,0,1,0,0,0,0,0,0
940,24,41000000,4,3,2000,6,0,0,0,0,0,3,0,0,1,0,0,0,0,0,0
941,22,13000000,3,2,1600,11.5,1,1,0,0,1,1,1,0,1,0,0,0,0,0,0
942,9,11450000,3,3,1340,9.3,1,1,0,0,0,1,1,0,1,0,1,0,0,0,0
943,16,27000000,4,2,2500,8.35,0,0,0,0,1,2,1,0,1,0,1,0,0,0,0
944,9,29500000,4,3,4500,11,1,0,0,0,1,2,1,1,1,0,1,0,1,0,0
945,17,21000000,4,4,2450,7,1,1,0,0,0,2,1,0,1,0,0,0,1,0,0
946,18,45000000,4,3,3500,10,0,0,0,0,0,2,1,0,1,0,0,0,0,0,0
947,1,20000000,4,3,2850,10.8,1,0,0,0,0,3,1,0,1,0,0,0,0,0,0
948,22,39500000,5,4,3500,13,1,0,0,0,0,1,1,0,1,0,0,0,0,0,0
949,22,47500000,4,3,2650,20,1,0,0,0,0,1,1,1,1,0,0,0,0,0,0
950,9,8700000,3,2,1340,9.5,1,0,0,0,1,1,1,0,1,0,0,0,0,0,0
951,16,55000000,5,4,4100,11.5,1,0,0,0,0,3,1,1,1,0,0,0,0,1,0
952,11,26500000,4,3,1800,6,1,0,0,0,0,1,1,1,1,1,1,0,0,1,1
953,25,7800000,2,1,1200,15,0,0,0,0,1,1,1,0,0,0,0,0,0,0,0
955,2,15900000,4,3,3900,11,0,0,0,0,1,2,1,0,1,0,0,0,0,1,0
956,24,47000000,5,4,4800,8,1,0,0,1,0,1,1,1,1,0,1,0,0,0,0
957,1,13800000,3,3,1750,10,1,0,0,0,0,1,1,0,1,0,0,0,0,0,0
958,7,31500000,5,3,3700,6.5,1,1,0,1,0,1,1,1,1,0,1,0,0,0,1
960,11,25000000,4,4,2650,10,1,0,0,0,0,2,1,0,1,0,0,0,0,0,0
961,7,33000000,4,4,4200,13.5,0,1,0,1,1,1,1,1,1,0,1,0,0,0,1
962,22,10500000,3,2,900,4,0,0,0,0,0,1,1,0,1,0,0,0,1,0,0
963,24,40000000,6,3,2500,7,0,0,0,0,0,1,1,0,1,0,0,0,0,0,0
964,22,47500000,12,7,6500,13.5,0,0,0,0,1,1,1,1,1,0,0,0,0,0,0
965,9,11000000,3,2,2000,7,0,0,1,0,1,1,1,0,1,0,0,0,1,0,0
968,1,14200000,3,3,1650,10,1,1,1,0,1,1,1,1,1,1,1,1,1,0,0
969,11,22000000,6,3,3500,13.8,1,0,0,0,0,1,1,1,1,0,1,0,1,0,1
970,2,22750000,3,3,2600,7,1,0,0,0,1,2,1,1,1,1,1,0,1,1,1
971,17,20000000,4,4,2500,10,1,1,0,0,0,2,1,0,1,0,0,0,0,0,0
972,22,12800000,3,3,1350,7.67,1,0,0,0,0,1,1,1,1,1,1,0,1,0,0
973,7,38000000,7,5,6000,13,0,1,0,0,0,1,1,1,1,0,0,0,0,0,0
974,17,46000000,5,4,4500,11,1,1,0,0,1,1,1,1,1,0,0,0,0,1,0
975,6,2500000,2,1,900,10,0,0,0,0,0,1,1,0,0,0,0,0,0,0,0
979,21,14000000,3,3,2000,8,0,0,0,0,0,1,1,0,1,0,0,0,0,0,0
980,25,17000000,5,2,2950,11.9,1,0,0,0,0,2,1,1,1,0,0,0,0,0,0
981,16,6800000,4,2,1200,6,0,0,0,0,1,2,0,0,1,0,0,0,1,0,0
982,9,18000000,2,2,2500,18.2,0,0,0,0,1,2,1,0,0,0,0,0,0,0,0
983,11,30000000,4,4,3000,10,1,0,0,0,0,2,1,0,1,0,0,0,0,0,0
984,3,7000000,2,1,1200,2,0,0,0,0,0,1,1,0,1,0,0,0,1,0,0
986,17,42000000,5,4,2500,20,0,0,0,0,0,3,1,0,1,0,0,0,0,0,0
988,19,12000000,2,1,5000,20,0,0,0,0,0,1,1,0,0,0,0,0,0,0,0
989,2,18000000,3,2,1800,8,0,0,0,0,1,2,1,0,1,0,0,0,0,0,0
993,20,5000000,2,1,1200,10,0,0,0,0,0,1,1,0,0,0,0,0,0,0,0
994,17,19000000,3,4,2400,10,1,1,0,0,0,2,1,0,1,0,0,0,0,0,0
995,17,30000000,4,4,3900,8,1,1,0,0,0,2,1,0,1,0,0,0,0,0,0
997,25,9000000,3,3,1480,7.5,1,0,0,0,1,1,1,0,1,0,0,0,1,0,0
998,33,33000000,4,4,2700,8,1,1,1,1,0,1,1,1,1,1,0,1,0,0,0
999,15,22000000,3,3,2550,10,0,0,0,1,1,1,1,1,1,1,0,0,0,1,0
